substations,g_tr_max_kw,v0,transformerImpedance
51,10000,1.05,0.00877915
52,10000,1.05,0.00877915
53,10000,1.05,0.00877915
54,10000,1.05,0.00877915
